<!-- 
========================================================================
 Copyright (c) 1999-2001 The DUnit Group. All rights reserved.
 $Id: want.xml,v 1.1 2001/05/20 19:16:38 juanco Exp $
======================================================================== 
 This is a Want build script.
 See:
  http://www.suigeneris.org/want/
 for details.
======================================================================== 

-->
<project name="dunit.examples"
  default="compile" 
  basedir=".">
 
  <target name="compile" >
    <dcc basedir="diffunit"
	      source="*.dpr"
         dcuoutput="${scratch.dir}"
         exeoutput="${bin.dir}"
         debug="true"
         build="true"
    >
      <unitpath path="${src.dir}" />
      <resourcepath path="${src.dir}" />
    </dcc>
    <dcc basedir="sameunit"
	      source="*.dpr"
         dcuoutput="${scratch.dir}"
         exeoutput="${bin.dir}"
         debug="true"
         build="true"
    >
      <unitpath path="${src.dir}" />
      <resourcepath path="${src.dir}" />
    </dcc>
  </target>

</project>
