<!--
********************************************************************
*  JAL - Just Another Library of useful Delphi code                *
*  Copyright (c) 2001 Juancarlo Anez, Caracas, Venezuela.          *
*  All rights reserved.                                            *
*                                                                  *
********************************************************************

{ $Id$ }

This is the Want script for building JAL.
See http://www.suigeneris.org/want/ for details.
-->
<project name="jal"
         basedir="."
         default="test" >

  <property name="version"  value="?{release.ini:releases:current}" />
  <regexp property="build"  text="${version}" pattern="^.*\.([0-9]+)$" subst ="\1" />

  <property name="etc"       value="${basedir}/etc" />
  <property name="src"       value="${basedir}/src" />
  <property name="dist"      value="${basedir}/dist" />
  <property name="lib"       value="${basedir}/lib" />
  <property name="test"      value="${basedir}/test" />
  <property name="doc"       value="${basedir}/doc" />
  <property name="examples"  value="${basedir}/examples" />

  <property name="bin" value="${basedir}/bin" />
  <property name="dcu" value="${basedir}/dcu" />

  <property name="paszlib" value="${lib}/paszlib" />

  <property name="zipname" value="jal-${version}.zip" />
  <property name="zipfile" value="${dist}/${zipname}" />

  <property name="dunit.lib" value="/home/dunit/src" />

  <patternset id="sources" >
    <include  name="${src}" />
    <include  name="${src}/**" />
    <include  name="${lib}" />
    <include  name="${lib}/**" />
  </patternset>

  <patternset id="resources" >
    <patternset refid="sources"/>
    <include name="${bin}" />
  </patternset>


  <target name="prepare" >
    <mkdir dir="${dcu}" />
    <mkdir dir="${bin}" />
  </target>

  <target name="clean" >
    <delete dir="${dcu}/**" />
    <delete dir="${bin}/**" />
  </target>

  <target name="versioninfo" >
    <echo message="version=${version}" />
  </target>

  <target name="test" depends="prepare" >
    <property name="test.app" value="JalTestLib" />
    <dcc basedir="${test}" source="${test.app}.dpr" >
      <exeoutput path="${bin}"  />
      <dcuoutput path="${dcu}"  />
      <build     value="true" />
      <debug     value="true" />
      <console   value="true" />

      <unitpath   refid="sources" >
        <include  name="${test}/**" />
        <exclude  name="${test}/data" />
        <exclude  name="${test}/data/**" />
        <include  name="${dunit.lib}" />
      </unitpath>
      <includepath  refid="sources"   />
    </dcc>
    <dunit testlib="${bin}/${test.app}" />
 </target>

 <target name="dist" depends="clean,prepare,test,build" > 
    <mkdir dir="${dist}" />
    <delete file="${zipfile}" />
    <zip zipfile="${zipfile}" >
         <exclude name="${dist}/**" />

         <include name="**/*.pas" />
         <include name="**/*.dpr" />
         <include name="**/*.inc" />
         <include name="**/*.rc" />
         <include name="**/*.res" />
         <include name="**/*.html" />
         <include name="**/*.htm" />
         <include name="**/*.css" />
         <include name="**/*.xml" />
         <include name="**/*.gif" />
         <include name="**/*.png" />
         <include name="**/*.jpg" />
         <include name="**/*.jpeg" />
         <include name="**/*.txt" />
         <include name="**/*.ini" />

         <include name="${test}/data/**" />

         <include name="${lib}/*.zip" />    <!-- include third party library .zips -->
         <exclude name="${lib}/*/**"   />   <!-- exclude subdirectories -->
         <exclude name="${basedir}/private/**" />
         <exclude name="**/CVS/**" />
    </zip>
  </target>

  <target name="build" >
    <regexp property="newversion" text="${version}" pattern="\.[0-9]*$" subst=".={1 + ${build}}" />
    <echo   message="version=${version}" />
    <echo   message="build=${build}" />
    <echo   message="newversion=${newversion}" />
    <ini file="release.ini" >
      <write section="releases" key="current" value="${newversion}" />                  
    </ini>
  </target>

  <target name="changelog" >
     <shell executable="perl tools/cvs2cl.pl" >
         <arg value="--file ChangeLog" />
         <arg value="--tags" />
         <arg value="--utc" />
         <arg value="--window 604800" />
         <arg value="--prune" />
     </shell>
  </target>

</project>
