<!-- 
========================================================================
 Copyright (c) 1999-2001 The DUnit Group. All rights reserved.
 $Id: dunit_want.xml,v 1.3 2001/05/08 01:25:48 juanca Exp $
======================================================================== 
 This build file specifies how to build DUnit using the Want build tool.
 See:
  http://www.suigeneris.org/want
 for details.
======================================================================== 

-->
<project name="DUnit Extreme Testing Framework for Delphi"
  default="test" 
  basedir=".">
 
  <property name="app.name"       value="dunit" />
  <property name="version"        value="3.2.8.2" />
  <regexp   property="cvs.tag" text="build_${version}" pattern="\." subst="_" />
  
  <property name="src.dir"        value="${basedir}/src" />
  <property name="doc.dir"        value="${basedir}/doc" />
  <property name="test.dir"       value="${basedir}/tests"/>
  <property name="samp.dir"       value="${basedir}/examples"/>
  <property name="scratch.dir"    value="${basedir}/scratch"/>
  <property name="bin.dir"        value="${basedir}/bin"/>
  <property name="dist.dir"       value="${basedir}/dist"/>
  <property name="framework.dir"  value="${basedir}/framework"/>
  <property name="contrib.dir"    value="${basedir}/contrib"/>

  <patternset id="source.code" >
    <include name="**/*.pas" />
    <include name="**/*.dfm" />
    <include name="**/*.dpr" />
    <include name="**/*.rc" />
    <include name="**/*.res" />
    <include name="**/*.xml" />
  </patternset>

  <patternset id="docs" >
    <include name="**/*.html" />
    <include name="**/*.htm" />
    <include name="**/*.txt" />
    <include name="**/*.png" />
    <include name="**/*.jpg" />
    <include name="**/*.jpeg" />
    <include name="**/*.gif" />
  </patternset>

  <patternset id="source.and.docs" >
    <patternset refid="source.code" />
    <patternset refid="docs" />
  </patternset>

  <target name="prepare" description="build directory structure" >
    <mkdir dir="${scratch.dir}" />
    <mkdir dir="${bin.dir}" />
    <mkdir dir="${framework.dir}" />
  </target>

  <target name="clean">
    <delete dir="${scratch.dir}" />
    <delete dir="${bin.dir}" />
    <delete dir="${framework.dir}" />
  </target>

  <property name="test.app" value="DUnitTestLib" />

  <target name="compile" depends="prepare" >
    <dcc basedir="${test.dir}" source="${test.app}.dpr" >
      <dcuoutput path="${scratch.dir}" />
      <exeoutput path="${bin.dir}"     />
      <debug value="true" />
      <build value="true" />

      <unitpath path="${src.dir}" />
      <resourcepath path="${src.dir}" />
    </dcc>
  </target>

  <target name="test_dunit" depends="compile" >
    <dunit testlib="${bin.dir}/${test.app}" />
  </target>

  <target name="examples"  
          depends="
                   xpgen,
                   registration,
                   collection,
                   registry,
                   tlist,
                   structure,
                   cmdline,
                   testexception
                   " 
                   > 
                   <!-- list all example dirs here -->
  </target>

  <target name="test" depends="test_dunit,examples" />

  <target name="dist" depends="clean,prepare,test" >
    <echo message="CVS tag='${cvs.tag}'" />

    <property name="zipfile" value="${dist.dir}/${app.name}-${version}.zip" />

    <delete file="${zipfile}" />
	 <mkdir dir="${dist.dir}" />

    <zip zipfile="${zipfile}" >
	   <fileset dir="." >
        <include name="ChangeLog" />
		  <include name="*.xml"  />
		  <include name="*.html"  />
		</fileset>
      <fileset dir="${src.dir}">
        <patternset refid="source.and.docs" />
      </fileset>
      <fileset dir="${test.dir}">
        <patternset refid="source.and.docs" />
      </fileset>
      <fileset dir="${doc.dir}" >
        <patternset refid="docs" />
      </fileset>
  
      <!-- examples -->
      <fileset dir="${samp.dir}">
        <patternset refid="source.and.docs" />
      </fileset>
    </zip>
  </target>

  <!-- EXAMPLES 
       Each has its own build.xml file.
  -->
  
  <target name="xpgen" depends="prepare" >
    <want dir="${contrib.dir}/xpgen" description="test compiler" />
  </target>

  <target name="registration" depends="prepare" >
    <want dir="${samp.dir}/registration" />
  </target>

  <target name="collection" depends="prepare" >
    <want dir="${samp.dir}/collection" />
  </target>

  <target name="registry" depends="prepare" >
    <want dir="${samp.dir}/registry" />
  </target>

  <target name="tlist" depends="prepare" >
    <want dir="${samp.dir}/TListTest" />
  </target>

  <target name="structure" depends="prepare" >
    <want dir="${samp.dir}/structure" />
  </target>

  <target name="cmdline" depends="prepare" >
    <want dir="${samp.dir}/cmdline" />
  </target>

  <target name="testexception" depends="prepare" >
    <want dir="${samp.dir}/testexception" />
  </target>

  <!-- ...add a target for each example... -->
  <target name="changelog" >
     <shell executable="perl tools/cvs2cl.pl" >
			<arg value="--file ChangeLog" />
			<arg value="--tags" />
			<arg value="--utc" /> 
			<arg value="--window 604800" />
			<arg value="--prune" />
		</shell>
  </target>

</project>
