<!--
********************************************************************
*  WANT - A build management tool.                                 *
*  Copyright (c) 2001 Juancarlo Anez, Caracas, Venezuela.          *
*  All rights reserved.                                            *
*                                                                  *
********************************************************************

{ $Id: want_want.xml,v 1.2 2001/05/08 01:25:48 juanca Exp $ }

This is the Want script for building Want.
See http://www.suigeneris.org/want/ for details.
-->
<project name="want"
         basedir=".."
         default="dist" >

  <property name="version" value="0.9.0" />
  <property name="increment.build" value="false" />

  <property name="src"       value="${basedir}/src" />
  <property name="dist"      value="${basedir}/dist" />
  <property name="res"       value="${basedir}/res" />
  <property name="lib"       value="${basedir}/lib" />
  <property name="test"      value="${basedir}/test" />
  <property name="examples"  value="${basedir}/examples" />

  <property name="bin" value="${basedir}/bin" />
  <property name="dcu" value="${basedir}/dcu" />

  <property name="jcl"     value="${lib}/jcl" />
  <property name="xml"     value="${lib}/xml" />
  <property name="paszlib" value="${lib}/paszlib" />
  <property name="regexp"  value="${lib}/perlre" />

  <patternset id="sources" >
    <include  name="${lib}/**" />
    <include  name="${src}/**" />
  </patternset>

  <patternset id="resources" >
    <patternset refid="sources"/>
  </patternset>


  <target name="prepare" >
    <mkdir dir="${dcu}" />
    <mkdir dir="${bin}" />
  </target>

  <target name="clean" >
    <!-- delete dir="${dist}" / -->
    <delete dir="${dcu}/**" />
    <delete dir="${bin}/**" />
  </target>

  <target name="compile" depends="clean,prepare">
    <brcc file="${src}/wantver.rc" output="${bin}/wantver.res" />
    <brcc file="${src}/license.rc" output="${bin}/license.res" />

    <!-- Delete want.cfg first to get a reproducible build.
         (Should this be automated?)
    -->
    <touch  file="${src}/want.cfg"  />
    <delete file="${src}/want.cfg" />

    <dcc basedir="${src}" source="want.dpr"  >
      <exeoutput path="${bin}"  />
      <dcuoutput path="${dcu}"      />
      <build     value="true" />
      <optimize  value="true" />
      <console   value="true" />

      <unitpath     refid="sources"   />
      <includepath  refid="sources"   />
      <resourcepath refid="resources" />
    </dcc>
  </target>


  <target name="test" depends="internal_tests,acceptance_tests" />

  <target name="internal_tests" depends="clean,prepare">
    <property name="test.app" value="WantTestLib" />
    <dcc basedir="${test}" source="${test.app}.dpr" >
      <exeoutput path="${bin}"  />
      <dcuoutput path="${dcu}"  />
      <build     value="true" />
      <debug     value="true" />
      <console   value="true" />

      <define name="USE_TEXT_RUNNER" />
      <define name="USE_JEDI_JCL" />
      <unitpath     refid="sources" >
        <include name="${test}/**" />
        <exclude  name="${test}/data" />
        <exclude  name="${test}/data/**" />
      </unitpath>
      <includepath  refid="sources"   />
      <resourcepath refid="resources" />
    </dcc>
    <dunit testlib="${bin}/${test.app}" />
 </target>


  <target name="acceptance_tests" depends="clean,prepare" >
    <property name="test.app" value="wantAcceptTestLib" />
    <dcc basedir="${test}" source="${test.app}.dpr" >
      <exeoutput path="${bin}"  />
      <dcuoutput path="${dcu}"  />
      <build     value="true" />
      <debug     value="true" />
      <console   value="true" />

      <define name="USE_TEXT_RUNNER" />
      <define name="NO_RUN_VSS_TESTS" unless="include.vss" />

      <unitpath     refid="sources" >
        <include name="${test}/**" />
        <exclude  name="${test}/data" />
        <exclude  name="${test}/data/**" />
      </unitpath>
      <includepath  refid="sources"   />
      <resourcepath refid="resources" />
    </dcc>
    <dunit testlib="${bin}/${test.app}" />
 </target>

  <target name="dist" depends="clean,prepare,compile,test" >
    <mkdir dir="${dist}" />
    <property name="zipfile" value="${dist}/want-${version}.zip" />
    <delete file="${zipfile}" />
    <zip zipfile="${zipfile}" >
         <exclude name="${dist}/**" />

         <include name="${bin}/want.exe" />

         <include name="**/*.pas" />
         <include name="**/*.dpr" />
         <include name="**/*.inc" />
         <include name="**/*.rc" />
         <include name="**/*.res" />
         <include name="**/*.html" />
         <include name="**/*.gif" />
         <include name="**/*.png" />
         <include name="**/*.jpg" />
         <include name="**/*.jpeg" />
         <include name="**/*.txt" />

         <include name="${test}/data/**" />

         <include name="${lib}/*.zip" />    <!-- include third party library .zips -->
         <exclude name="${lib}/*/**"   />   <!-- exclude subdirectories -->
         <exclude name="${basedir}/private/**" />
    </zip>
  </target>

  <target name="changelog" >
     <shell executable="perl tools/cvs2cl.pl" >
			<arg value="--file ChangeLog" />
			<arg value="--tags" />
			<arg value="--utc" />
			<arg value="--window 604800" />
			<arg value="--prune" />
		</shell>
  </target>

</project>
